[
  {
    "id": "2c2bbd3d-5d3a-44cb-8a82-0b307a08f744",
    "ts": "2025-12-16T13:57:56.598Z",
    "name": "邵先童",
    "identity": "personal",
    "ip": "::1",
    "ua": "Mozilla/5.0 (Windows NT 10.0; Win64; x64) AppleWebKit/537.36 (KHTML, like Gecko) Chrome/143.0.0.0 Safari/537.36",
    "referrer": "http://localhost:3000/identity.html"
  },
  {
    "id": "f92bd9bb-7a80-4075-8b8a-f21dd5ce2bcb",
    "ts": "2025-12-16T13:59:36.577Z",
    "name": "邵先童",
    "identity": "personal",
    "ip": "::1",
    "ua": "Mozilla/5.0 (Windows NT 10.0; Win64; x64) AppleWebKit/537.36 (KHTML, like Gecko) Chrome/143.0.0.0 Safari/537.36",
    "referrer": "http://localhost:3000/identity.html"
  },
  {
    "id": "e57700e1-cbe3-4b1e-a620-e710dd8d63f3",
    "ts": "2025-12-16T14:00:01.664Z",
    "name": "邵先童",
    "identity": "personal",
    "ip": "::1",
    "ua": "Mozilla/5.0 (Windows NT 10.0; Win64; x64) AppleWebKit/537.36 (KHTML, like Gecko) Chrome/143.0.0.0 Safari/537.36",
    "referrer": "http://localhost:3000/identity.html"
  },
  {
    "id": "233a04c8-fb15-44b5-bb50-ce9858ba34a9",
    "ts": "2025-12-16T16:51:26.133Z",
    "name": "访客",
    "identity": "personal",
    "ip": "::1",
    "ua": "Mozilla/5.0 (Windows NT 10.0; Win64; x64) AppleWebKit/537.36 (KHTML, like Gecko) Chrome/143.0.0.0 Safari/537.36",
    "referrer": "http://localhost:3000/identity.html"
  },
  {
    "id": "0c6541e7-983d-4b1f-a03c-de298203073d",
    "ts": "2025-12-16T16:51:46.487Z",
    "name": "访客",
    "identity": "personal",
    "ip": "::1",
    "ua": "Mozilla/5.0 (Windows NT 10.0; Win64; x64) AppleWebKit/537.36 (KHTML, like Gecko) Chrome/143.0.0.0 Safari/537.36",
    "referrer": "http://localhost:3000/identity.html"
  },
  {
    "id": "7d1e2ece-63ce-46b2-94b8-77ce65598617",
    "ts": "2025-12-16T16:55:20.336Z",
    "name": "访客",
    "identity": "personal",
    "ip": "::1",
    "ua": "Mozilla/5.0 (Windows NT 10.0; Win64; x64) AppleWebKit/537.36 (KHTML, like Gecko) Chrome/143.0.0.0 Safari/537.36 Edg/143.0.0.0",
    "referrer": ""
  },
  {
    "id": "26830c66-fd8a-4fd4-9578-156edc588094",
    "ts": "2025-12-16T16:55:45.174Z",
    "name": "访客",
    "identity": "personal",
    "ip": "::1",
    "ua": "Mozilla/5.0 (Windows NT 10.0; Win64; x64) AppleWebKit/537.36 (KHTML, like Gecko) Chrome/143.0.0.0 Safari/537.36 Edg/143.0.0.0",
    "referrer": ""
  },
  {
    "id": "fdf765d9-e9c0-4b3f-82e3-ae948bf2dc06",
    "ts": "2025-12-16T17:03:04.807Z",
    "name": "访客",
    "identity": "personal",
    "ip": "::1",
    "ua": "Mozilla/5.0 (Windows NT 10.0; Win64; x64) AppleWebKit/537.36 (KHTML, like Gecko) Chrome/143.0.0.0 Safari/537.36 Edg/143.0.0.0",
    "referrer": ""
  },
  {
    "id": "0c80e562-9d74-4b05-a811-704e63c47877",
    "ts": "2025-12-16T17:03:21.671Z",
    "name": "访客",
    "identity": "personal",
    "ip": "::1",
    "ua": "Mozilla/5.0 (Windows NT 10.0; Win64; x64) AppleWebKit/537.36 (KHTML, like Gecko) Chrome/143.0.0.0 Safari/537.36 Edg/143.0.0.0",
    "referrer": ""
  }
]